<edmx:Edmx
    xmlns:edmx="http://schemas.microsoft.com/ado/2007/06/edmx"
    xmlns:m="http://schemas.microsoft.com/ado/2007/08/dataservices/metadata"
    xmlns:sap="http://www.sap.com/Protocols/SAPData" Version="1.0">
    <edmx:Reference
        xmlns:edmx="http://docs.oasis-open.org/odata/ns/edmx" Uri="./IWFND/CATALOGSERVICE;v=2/Vocabularies(TechnicalName='%2FIWBEP%2FVOC_COMMON',Version='0001',SAP__Origin='FIORI_S4')/$value">
        <edmx:Include Namespace="com.sap.vocabularies.Common.v1" Alias="Common"/>
    </edmx:Reference>
    <edmx:DataServices m:DataServiceVersion="2.0">
        <Schema
            xmlns="http://schemas.microsoft.com/ado/2008/09/edm" Namespace="ZEWKM_PO_KHIL_CDS" xml:lang="en" sap:schema-version="1">
            <EntityType Name="ZEWKM_PO_ITMType" sap:label="PO Item for Fiori" sap:content-version="1">
                <Key>
                    <PropertyRef Name="PurchaseOrder"/>
                    <PropertyRef Name="ItemPosition"/>
                </Key>
                <Property Name="PurchaseOrder" Type="Edm.String" Nullable="false" MaxLength="10" sap:display-format="UpperCase" sap:label="Purchasing Document" sap:quickinfo="Purchasing Document Number"/>
                <Property Name="ItemPosition" Type="Edm.String" Nullable="false" MaxLength="5" sap:display-format="NonNegative" sap:label="Item" sap:quickinfo="Item Number of Purchasing Document"/>
                <Property Name="CurrencyCode" Type="Edm.String" MaxLength="5" sap:label="Currency" sap:quickinfo="Currency Key" sap:semantics="currency-code"/>
                <Property Name="Amount" Type="Edm.Decimal" Precision="12" Scale="3" sap:unit="CurrencyCode" sap:label="Net Order Price" sap:quickinfo="Net Price in Purchasing Document (in Document Currency)"/>
                <Property Name="MaterialName" Type="Edm.String" MaxLength="40" sap:label="Short Text"/>
            </EntityType>
            <EntityType Name="ZEWKM_PO_KHILType" sap:label="PO Approval for Fiori Assignment" sap:content-version="1">
                <Key>
                    <PropertyRef Name="PurchaseOrder"/>
                </Key>
                <Property Name="PurchaseOrder" Type="Edm.String" Nullable="false" MaxLength="10" sap:display-format="UpperCase" sap:label="Purchasing Document" sap:quickinfo="Purchasing Document Number" sap:value-list="standard"/>
                <Property Name="VendorName" Type="Edm.String" MaxLength="35" sap:label="Name" sap:quickinfo="Name 1"/>
                <Property Name="CurrencyCode" Type="Edm.String" MaxLength="5" sap:label="Currency" sap:quickinfo="Currency Key" sap:semantics="currency-code"/>
                <Property Name="Amount" Type="Edm.Decimal" Precision="12" Scale="3" sap:unit="CurrencyCode" sap:label="Net Order Price" sap:quickinfo="Net Price in Purchasing Document (in Document Currency)"/>
                <Property Name="POType" Type="Edm.String" MaxLength="4" sap:display-format="UpperCase" sap:label="Purchasing Doc. Type" sap:quickinfo="Purchasing Document Type"/>
                <Property Name="Status" Type="Edm.String" MaxLength="1" sap:display-format="UpperCase" sap:label="Status" sap:quickinfo="Status of Purchasing Document"/>
                <NavigationProperty Name="to_Item" Relationship="ZEWKM_PO_KHIL_CDS.assoc_4DF42142D70A4A7D36B9DB6EEEC8E22C" FromRole="FromRole_assoc_4DF42142D70A4A7D36B9DB6EEEC8E22C" ToRole="ToRole_assoc_4DF42142D70A4A7D36B9DB6EEEC8E22C"/>
            </EntityType>
            <Association Name="assoc_4DF42142D70A4A7D36B9DB6EEEC8E22C" sap:content-version="1">
                <End Type="ZEWKM_PO_KHIL_CDS.ZEWKM_PO_KHILType" Multiplicity="1" Role="FromRole_assoc_4DF42142D70A4A7D36B9DB6EEEC8E22C"/>
                <End Type="ZEWKM_PO_KHIL_CDS.ZEWKM_PO_ITMType" Multiplicity="*" Role="ToRole_assoc_4DF42142D70A4A7D36B9DB6EEEC8E22C"/>
                <ReferentialConstraint>
                    <Principal Role="FromRole_assoc_4DF42142D70A4A7D36B9DB6EEEC8E22C">
                        <PropertyRef Name="PurchaseOrder"/>
                    </Principal>
                    <Dependent Role="ToRole_assoc_4DF42142D70A4A7D36B9DB6EEEC8E22C">
                        <PropertyRef Name="PurchaseOrder"/>
                    </Dependent>
                </ReferentialConstraint>
            </Association>
            <EntityContainer Name="ZEWKM_PO_KHIL_CDS_Entities" m:IsDefaultEntityContainer="true" sap:supported-formats="atom json xlsx">
                <EntitySet Name="ZEWKM_PO_ITM" EntityType="ZEWKM_PO_KHIL_CDS.ZEWKM_PO_ITMType" sap:creatable="false" sap:updatable="false" sap:deletable="false" sap:content-version="1"/>
                <EntitySet Name="ZEWKM_PO_KHIL" EntityType="ZEWKM_PO_KHIL_CDS.ZEWKM_PO_KHILType" sap:creatable="false" sap:updatable="false" sap:deletable="false" sap:content-version="1"/>
                <AssociationSet Name="assoc_4DF42142D70A4A7D36B9DB6EEEC8E22C" Association="ZEWKM_PO_KHIL_CDS.assoc_4DF42142D70A4A7D36B9DB6EEEC8E22C" sap:creatable="false" sap:updatable="false" sap:deletable="false" sap:content-version="1">
                    <End EntitySet="ZEWKM_PO_KHIL" Role="FromRole_assoc_4DF42142D70A4A7D36B9DB6EEEC8E22C"/>
                    <End EntitySet="ZEWKM_PO_ITM" Role="ToRole_assoc_4DF42142D70A4A7D36B9DB6EEEC8E22C"/>
                </AssociationSet>
            </EntityContainer>
            <Annotations
                xmlns="http://docs.oasis-open.org/odata/ns/edm" Target="ZEWKM_PO_KHIL_CDS.ZEWKM_PO_KHILType/PurchaseOrder">
                <Annotation Term="Common.ValueList">
                    <Record>
                        <PropertyValue Property="Label" String="PO Item for Fiori"/>
                        <PropertyValue Property="CollectionPath" String="ZEWKM_PO_ITM"/>
                        <PropertyValue Property="SearchSupported" Bool="false"/>
                        <PropertyValue Property="Parameters">
                            <Collection>
                                <Record Type="Common.ValueListParameterInOut">
                                    <PropertyValue Property="LocalDataProperty" PropertyPath="PurchaseOrder"/>
                                    <PropertyValue Property="ValueListProperty" String="PurchaseOrder"/>
                                </Record>
                            </Collection>
                        </PropertyValue>
                    </Record>
                </Annotation>
            </Annotations>
            <atom:link
                xmlns:atom="http://www.w3.org/2005/Atom" rel="self" href="./sap/ZEWKM_PO_KHIL_CDS/$metadata"/>
                <atom:link
                    xmlns:atom="http://www.w3.org/2005/Atom" rel="latest-version" href="./sap/ZEWKM_PO_KHIL_CDS/$metadata"/>
                </Schema>
            </edmx:DataServices>
        </edmx:Edmx>